{"count":1,"self":3403.1321088,"total":7487.961609,"children":{"InitializeActuators":{"count":1,"self":0.0025629999999999997,"total":0.0025629999999999997,"children":null},"InitializeSensors":{"count":1,"self":0.0010739999999999999,"total":0.0010739999999999999,"children":null},"AgentSendState":{"count":2500084,"self":87.452832,"total":168.507116,"children":{"CollectObservations":{"count":500017,"self":16.664416,"total":16.664416,"children":null},"WriteActionMask":{"count":500017,"self":8.0042592,"total":8.004259,"children":null},"RequestDecision":{"count":500017,"self":23.9143616,"total":56.38561,"children":{"AgentInfo.ToProto":{"count":500017,"self":17.8257568,"total":32.471247999999996,"children":{"GenerateSensorData":{"count":500017,"self":14.645491199999999,"total":14.645491999999999,"children":null}}}}}}},"DecideAction":{"count":2500084,"self":2541.3177344,"total":2541.317651,"children":null},"AgentAct":{"count":2500084,"self":1373.9047936,"total":1373.9048209999999,"children":null},"AgentInfo.ToProto":{"count":17202,"self":0.660154,"total":1.0925559999999999,"children":{"GenerateSensorData":{"count":17202,"self":0.43240199999999995,"total":0.43240199999999995,"children":null}}}},"gauges":{"fourth.CumulativeReward":{"count":17202,"max":5.2539773,"min":-0.387999952,"runningAverage":0.198568061,"value":1.66399825,"weightedAverage":0.643590569}},"metadata":{"timer_format_version":"0.1.0","start_time_seconds":"1611540901","unity_version":"2018.4.30f1","command_line_arguments":"\/Applications\/Unity\/Hub\/Editor\/2018.4.30f1\/Unity.app\/Contents\/MacOS\/Unity -projectpath \/Users\/nick\/Projects\/VOLLEYGON -useHub -hubIPC -cloudEnvironment production -hubSessionId f2a88640-5b64-11eb-9b77-31698a3d0d91","communication_protocol_version":"1.3.0","com.unity.ml-agents_version":"1.7.2-preview","scene_name":"ml-training-scene","end_time_seconds":"1611548389"}}